1. 《调查研究贵在“实”》（8.5，周一）,1.多从事物的底层、本质出发来思考问题，善于“解剖麻雀”，聚焦问题症结、抽丝剥茧、刨根问底，把问题难点堵点剖深辨准。,【公考隔壁班王老师解析：注意里面“解剖麻雀”，简单来说是指通过深入研究具体典型，从中找出事物的规律。因为麻雀虽小，五脏俱全，“解剖麻雀”就是要将调研过程中发现的痛点、堵点、难点问题转化为“麻雀”，通过解剖一只“麻雀”，将“点”上的经验推广到“面”，最终实现在全局中解决现实问题的目的。毛泽东同志在《寻乌调查》《长冈乡调查》《才溪乡调查》等著作中，“解剖麻雀”式调查研究经常体现，很能体现我们写作的专业性，可以记下来。】
1. 《调查研究贵在“实”》（8.5，周一）,2.“做‘透’与做‘秀’，只差一个“走”字，干部不跨进群众门槛，群众就不会把干部记在心坎”。,【公考隔壁班王老师解析：这就通过“透”和“秀”两个字在字形上只差一个“走之旁”的差异，非常生动的表达了群众观点，再加上这句话里面“跨进门坎”和“记在心坎”的对应，不仅是申论大作文，在面试答题的过程中，遇到有关群众路线、基层治理、担当奉献、党建作风等很多话题都可以适用，能给我们的文章和表达增色不少。】
1. 《调查研究贵在“实”》（8.5，周一）,3.“调查研究贵在‘实’”,【公考隔壁班王老师解析：这个文章标题本身也值得积累，可以提炼一下结“……贵在……”，前面一个空格写我们要论述的主题，后面写这个主题里面我们要强调的品质，用来设计文章题目是很好用的，比如“好作风贵在‘廉’”“基层治理贵在‘精准’”“为民办事贵在实效”等等。】
2. 《国货“潮起来”生活美起来》（8.6，周二）,4.随着生活水平不断提升，人们愈发追求精神文化生活的丰富性，在消费中也寄托了独特的精神志趣和审美态度。,【公考隔壁班王老师解析：注意里面“随着生活水平不断提升”，随着时代发展，我们在各个领域的要求都会变得更高，反应在申论、面试的考点里面也会有很多体现。比如，我们遇到有关户外运动、全民健身的话题，就可以说：“随着经济社会发展和生活水平提高，人民群众更加注重身体健康和生活品质，户外运动需求持续释放”；遇到生态环保、绿色发展类话题，就可以说：“随着经济社会发展水平和人民生活水平不断提高，老百姓对良好生态环境的需求越来越高”，等等。刚刚这些例句我都放在了今天pdf讲稿里面，这个思路很常用，需要重点把握。】
2. 《国货“潮起来”生活美起来》（8.6，周二）,5.老字号、老品牌长盛不衰，不能只靠“卖情怀”“卖记忆”。以更高的追求、更严的标准生产产品，不断推陈出新，品牌才会良性发展，国潮才会澎湃不息。,【公考隔壁班王老师解析：有关“老字号”“非遗传承”“非遗品牌”的内容，同样也都是申论面试的重要考点，那遇到这类内容时，刚刚这句话就非常适用，能很好的体现我们思考的全面，可以一并积累下来。】
2. 《国货“潮起来”生活美起来》（8.6，周二）,6.国潮催生新风尚，国货展现新变化，国货推动新发展。,【公考隔壁班王老师解析：依然是说到国潮、国货、中国品牌有关考点话题的不错金句，强调了其重要性，而且里面的“新风尚、新变化、新发展”让语言表达更有气势，可以记下来。】
3. 《以青春力量激活基层治理一池春水》（8.7，周三）,7.瞄准基层治理“关键词”，扮演好基层治理“关键角色”，打通基层治理“最后一公里”。,【公考隔壁班王老师解析：这里可以提炼一个结构：“瞄准……‘关键词’，扮演好……‘关键角色’，打通……‘最后一公里’”，就可以适用在其他很多话题里面，放在文章的中心论点段做引出来用，效果不错。】
3. 《以青春力量激活基层治理一池春水》（8.7，周三）,8.“欲筑室者，先治其基”,【公考隔壁班王老师解析：它出自于北宋文学家苏辙的《新论》。其意是说，想要筑造房屋，首先要打好它的地基，强调了基础、基层的重要。与之类似的，还有这篇文章后面的一句：“基层强则国家强，基层安则天下安”，它来自于权威的标准表述，放在所有和社区、基层、群众路线、社会治理等话题里面，效果都是非常不错的，可以记下来。】
3. 《以青春力量激活基层治理一池春水》（8.7，周三）,9.“上面千条线，下面一根针”,【公考隔壁班王老师解析：这是我们在修饰基层工作的时候，特别常用的一个比喻，形容了基层工作的繁杂琐碎，与之对应的，还有这篇文章里提到的我们的基层干部就要“不断探索提高‘千线’穿‘一针’的本领”，这两句话所使用的比喻方法相同，表现力强，可以记下来，提升文章文采。】
4. 《找对方法，提升效率》（8.8，周四）,10.基层治理，难在末梢。,【公考隔壁班王老师解析：用“末梢”说明了基层工作的细节和难处，强调了它的重要性，与之类似的表述我们在上一篇文章还学过一句，说的是基层工作“上面千条线，下面一根针”，这两句话可以一起记下来。】
4. 《找对方法，提升效率》（8.8，周四）,11.“工欲善其事，必先利其器”,【公考隔壁班王老师解析：它出自于《论语》，指要想做好工作，一定先要把工具整治得锐利精良，比喻要做好事情，必须先做好准备，创造条件。而在这篇文章里面，则把“器”引申为了工作方法。这句话放在各类考点，比如治理、生态、城市、文旅、基层等几乎所有的主题需要强调工作方法时，都可以使用。】
4. 《找对方法，提升效率》（8.8，周四）,12.方法之别，根本在于方向之别。方向失之毫厘，方法就会谬以千里。,【公考隔壁班王老师解析：一语道出了方向的重要性，在做事过程中，先确定好方向极为重要，这个道理在生活中我们都理解，但在公务员考试过程中却往往也是一个知识盲区。实际上，这个角度可以和很多申论面试的考点联系起来，比如回顾党史，不管形势和任务如何变化，不管遇到什么样的惊涛骇浪，我们党都始终把握历史主动，沿着正确方向坚定前行。又比如随着时代发展，不论是社会治理、还是城市发展、文化旅游等各方面的工作，也都需要向着高品质、高质量的方向发展。只有明确方向，才能有的放矢，把功夫下对。】
5. 《低空经济“振翅高飞”的启示》（8.9，周五）,13.“低空载人”新消息不断，展现了城市低空交通的无限可能，也彰显着低空经济发展的广阔前景。,【公考隔壁班王老师解析：这句话可以提炼一下结构，变成：“……新消息不断，展现了……的无限可能，也彰显着……发展的广阔前景”，这句话经常可以放在和新现象、新事物有关的话题里面来用，比如“互联网+”“数字化治理”“户外运动”等等，可以记下来。】
5. 《低空经济“振翅高飞”的启示》（8.9，周五）,14.发展低空经济，离不开市场和政策的“双轮驱动”。,"【公考隔壁班王老师解析：注意""双轮驱动""这个词，它的适用范围也很广，经常用来强调把某两项事业都抓好，比如""坚持改革与法治双轮驱动""""推进文化事业和文化产业双轮驱动""，与之类似的表述还有一个，叫做""......如鸟之两翼、车之两轮""，意思也是一样的。】"
5. 《低空经济“振翅高飞”的启示》（8.9，周五）,15.远方不远，未来已来。,【公考隔壁班王老师解析：表达了对未来的展望，话很短，也比较好记，适合放在文章的开头、结尾段可以做引出来用，推荐重点积累、记忆、把握。】
1. 《调查研究贵在“实”》（8.5，周一）,1.多从事物的底层、本质出发来思考问题，善于“解剖麻雀”，聚焦问题症结、抽丝剥茧、刨根问底，把问题难点堵点剖深辨准。,【公考隔壁班王老师解析：注意里面“解剖麻雀”，简单来说是指通过深入研究具体典型，从中找出事物的规律。因为麻雀虽小，五脏俱全，“解剖麻雀”就是要将调研过程中发现的痛点、堵点、难点问题转化为“麻雀”，通过解剖一只“麻雀”，将“点”上的经验推广到“面”，最终实现在全局中解决现实问题的目的。毛泽东同志在《寻乌调查》《长冈乡调查》《才溪乡调查》等著作中，“解剖麻雀”式调查研究经常体现，很能体现我们写作的专业性，可以记下来。】
1. 《调查研究贵在“实”》（8.5，周一）,2.“做‘透’与做‘秀’，只差一个“走”字，干部不跨进群众门槛，群众就不会把干部记在心坎”。,【公考隔壁班王老师解析：这就通过“透”和“秀”两个字在字形上只差一个“走之旁”的差异，非常生动的表达了群众观点，再加上这句话里面“跨进门坎”和“记在心坎”的对应，不仅是申论大作文，在面试答题的过程中，遇到有关群众路线、基层治理、担当奉献、党建作风等很多话题都可以适用，能给我们的文章和表达增色不少。】
1. 《调查研究贵在“实”》（8.5，周一）,3.“调查研究贵在‘实’”,【公考隔壁班王老师解析：这个文章标题本身也值得积累，可以提炼一下结“……贵在……”，前面一个空格写我们要论述的主题，后面写这个主题里面我们要强调的品质，用来设计文章题目是很好用的，比如“好作风贵在‘廉’”“基层治理贵在‘精准’”“为民办事贵在实效”等等。】
2. 《国货“潮起来”生活美起来》（8.6，周二）,4.随着生活水平不断提升，人们愈发追求精神文化生活的丰富性，在消费中也寄托了独特的精神志趣和审美态度。,【公考隔壁班王老师解析：注意里面“随着生活水平不断提升”，随着时代发展，我们在各个领域的要求都会变得更高，反应在申论、面试的考点里面也会有很多体现。比如，我们遇到有关户外运动、全民健身的话题，就可以说：“随着经济社会发展和生活水平提高，人民群众更加注重身体健康和生活品质，户外运动需求持续释放”；遇到生态环保、绿色发展类话题，就可以说：“随着经济社会发展水平和人民生活水平不断提高，老百姓对良好生态环境的需求越来越高”，等等。刚刚这些例句我都放在了今天pdf讲稿里面，这个思路很常用，需要重点把握。】
2. 《国货“潮起来”生活美起来》（8.6，周二）,5.老字号、老品牌长盛不衰，不能只靠“卖情怀”“卖记忆”。以更高的追求、更严的标准生产产品，不断推陈出新，品牌才会良性发展，国潮才会澎湃不息。,【公考隔壁班王老师解析：有关“老字号”“非遗传承”“非遗品牌”的内容，同样也都是申论面试的重要考点，那遇到这类内容时，刚刚这句话就非常适用，能很好的体现我们思考的全面，可以一并积累下来。】
2. 《国货“潮起来”生活美起来》（8.6，周二）,6.国潮催生新风尚，国货展现新变化，国货推动新发展。,【公考隔壁班王老师解析：依然是说到国潮、国货、中国品牌有关考点话题的不错金句，强调了其重要性，而且里面的“新风尚、新变化、新发展”让语言表达更有气势，可以记下来。】
3. 《以青春力量激活基层治理一池春水》（8.7，周三）,7.瞄准基层治理“关键词”，扮演好基层治理“关键角色”，打通基层治理“最后一公里”。,【公考隔壁班王老师解析：这里可以提炼一个结构：“瞄准……‘关键词’，扮演好……‘关键角色’，打通……‘最后一公里’”，就可以适用在其他很多话题里面，放在文章的中心论点段做引出来用，效果不错。】
3. 《以青春力量激活基层治理一池春水》（8.7，周三）,8.“欲筑室者，先治其基”,【公考隔壁班王老师解析：它出自于北宋文学家苏辙的《新论》。其意是说，想要筑造房屋，首先要打好它的地基，强调了基础、基层的重要。与之类似的，还有这篇文章后面的一句：“基层强则国家强，基层安则天下安”，它来自于权威的标准表述，放在所有和社区、基层、群众路线、社会治理等话题里面，效果都是非常不错的，可以记下来。】
3. 《以青春力量激活基层治理一池春水》（8.7，周三）,9.“上面千条线，下面一根针”,【公考隔壁班王老师解析：这是我们在修饰基层工作的时候，特别常用的一个比喻，形容了基层工作的繁杂琐碎，与之对应的，还有这篇文章里提到的我们的基层干部就要“不断探索提高‘千线’穿‘一针’的本领”，这两句话所使用的比喻方法相同，表现力强，可以记下来，提升文章文采。】
4. 《找对方法，提升效率》（8.8，周四）,10.基层治理，难在末梢。,【公考隔壁班王老师解析：用“末梢”说明了基层工作的细节和难处，强调了它的重要性，与之类似的表述我们在上一篇文章还学过一句，说的是基层工作“上面千条线，下面一根针”，这两句话可以一起记下来。】
4. 《找对方法，提升效率》（8.8，周四）,11.“工欲善其事，必先利其器”,【公考隔壁班王老师解析：它出自于《论语》，指要想做好工作，一定先要把工具整治得锐利精良，比喻要做好事情，必须先做好准备，创造条件。而在这篇文章里面，则把“器”引申为了工作方法。这句话放在各类考点，比如治理、生态、城市、文旅、基层等几乎所有的主题需要强调工作方法时，都可以使用。】
4. 《找对方法，提升效率》（8.8，周四）,12.方法之别，根本在于方向之别。方向失之毫厘，方法就会谬以千里。,【公考隔壁班王老师解析：一语道出了方向的重要性，在做事过程中，先确定好方向极为重要，这个道理在生活中我们都理解，但在公务员考试过程中却往往也是一个知识盲区。实际上，这个角度可以和很多申论面试的考点联系起来，比如回顾党史，不管形势和任务如何变化，不管遇到什么样的惊涛骇浪，我们党都始终把握历史主动，沿着正确方向坚定前行。又比如随着时代发展，不论是社会治理、还是城市发展、文化旅游等各方面的工作，也都需要向着高品质、高质量的方向发展。只有明确方向，才能有的放矢，把功夫下对。】
5. 《低空经济“振翅高飞”的启示》（8.9，周五）,13.“低空载人”新消息不断，展现了城市低空交通的无限可能，也彰显着低空经济发展的广阔前景。,【公考隔壁班王老师解析：这句话可以提炼一下结构，变成：“……新消息不断，展现了……的无限可能，也彰显着……发展的广阔前景”，这句话经常可以放在和新现象、新事物有关的话题里面来用，比如“互联网+”“数字化治理”“户外运动”等等，可以记下来。】
5. 《低空经济“振翅高飞”的启示》（8.9，周五）,14.发展低空经济，离不开市场和政策的“双轮驱动”。,"【公考隔壁班王老师解析：注意""双轮驱动""这个词，它的适用范围也很广，经常用来强调把某两项事业都抓好，比如""坚持改革与法治双轮驱动""""推进文化事业和文化产业双轮驱动""，与之类似的表述还有一个，叫做""......如鸟之两翼、车之两轮""，意思也是一样的。】"
5. 《低空经济“振翅高飞”的启示》（8.9，周五）,15.远方不远，未来已来。,【公考隔壁班王老师解析：表达了对未来的展望，话很短，也比较好记，适合放在文章的开头、结尾段可以做引出来用，推荐重点积累、记忆、把握。】
1. 《调查研究贵在“实”》（8.5，周一）,1.多从事物的底层、本质出发来思考问题，善于“解剖麻雀”，聚焦问题症结、抽丝剥茧、刨根问底，把问题难点堵点剖深辨准。,【公考隔壁班王老师解析：注意里面“解剖麻雀”，简单来说是指通过深入研究具体典型，从中找出事物的规律。因为麻雀虽小，五脏俱全，“解剖麻雀”就是要将调研过程中发现的痛点、堵点、难点问题转化为“麻雀”，通过解剖一只“麻雀”，将“点”上的经验推广到“面”，最终实现在全局中解决现实问题的目的。毛泽东同志在《寻乌调查》《长冈乡调查》《才溪乡调查》等著作中，“解剖麻雀”式调查研究经常体现，很能体现我们写作的专业性，可以记下来。】
1. 《调查研究贵在“实”》（8.5，周一）,2.“做‘透’与做‘秀’，只差一个“走”字，干部不跨进群众门槛，群众就不会把干部记在心坎”。,【公考隔壁班王老师解析：这就通过“透”和“秀”两个字在字形上只差一个“走之旁”的差异，非常生动的表达了群众观点，再加上这句话里面“跨进门坎”和“记在心坎”的对应，不仅是申论大作文，在面试答题的过程中，遇到有关群众路线、基层治理、担当奉献、党建作风等很多话题都可以适用，能给我们的文章和表达增色不少。】
1. 《调查研究贵在“实”》（8.5，周一）,3.“调查研究贵在‘实’”,【公考隔壁班王老师解析：这个文章标题本身也值得积累，可以提炼一下结“……贵在……”，前面一个空格写我们要论述的主题，后面写这个主题里面我们要强调的品质，用来设计文章题目是很好用的，比如“好作风贵在‘廉’”“基层治理贵在‘精准’”“为民办事贵在实效”等等。】
2. 《国货“潮起来”生活美起来》（8.6，周二）,4.随着生活水平不断提升，人们愈发追求精神文化生活的丰富性，在消费中也寄托了独特的精神志趣和审美态度。,【公考隔壁班王老师解析：注意里面“随着生活水平不断提升”，随着时代发展，我们在各个领域的要求都会变得更高，反应在申论、面试的考点里面也会有很多体现。比如，我们遇到有关户外运动、全民健身的话题，就可以说：“随着经济社会发展和生活水平提高，人民群众更加注重身体健康和生活品质，户外运动需求持续释放”；遇到生态环保、绿色发展类话题，就可以说：“随着经济社会发展水平和人民生活水平不断提高，老百姓对良好生态环境的需求越来越高”，等等。刚刚这些例句我都放在了今天pdf讲稿里面，这个思路很常用，需要重点把握。】
2. 《国货“潮起来”生活美起来》（8.6，周二）,5.老字号、老品牌长盛不衰，不能只靠“卖情怀”“卖记忆”。以更高的追求、更严的标准生产产品，不断推陈出新，品牌才会良性发展，国潮才会澎湃不息。,【公考隔壁班王老师解析：有关“老字号”“非遗传承”“非遗品牌”的内容，同样也都是申论面试的重要考点，那遇到这类内容时，刚刚这句话就非常适用，能很好的体现我们思考的全面，可以一并积累下来。】
2. 《国货“潮起来”生活美起来》（8.6，周二）,6.国潮催生新风尚，国货展现新变化，国货推动新发展。,【公考隔壁班王老师解析：依然是说到国潮、国货、中国品牌有关考点话题的不错金句，强调了其重要性，而且里面的“新风尚、新变化、新发展”让语言表达更有气势，可以记下来。】
3. 《以青春力量激活基层治理一池春水》（8.7，周三）,7.瞄准基层治理“关键词”，扮演好基层治理“关键角色”，打通基层治理“最后一公里”。,【公考隔壁班王老师解析：这里可以提炼一个结构：“瞄准……‘关键词’，扮演好……‘关键角色’，打通……‘最后一公里’”，就可以适用在其他很多话题里面，放在文章的中心论点段做引出来用，效果不错。】
3. 《以青春力量激活基层治理一池春水》（8.7，周三）,8.“欲筑室者，先治其基”,【公考隔壁班王老师解析：它出自于北宋文学家苏辙的《新论》。其意是说，想要筑造房屋，首先要打好它的地基，强调了基础、基层的重要。与之类似的，还有这篇文章后面的一句：“基层强则国家强，基层安则天下安”，它来自于权威的标准表述，放在所有和社区、基层、群众路线、社会治理等话题里面，效果都是非常不错的，可以记下来。】
3. 《以青春力量激活基层治理一池春水》（8.7，周三）,9.“上面千条线，下面一根针”,【公考隔壁班王老师解析：这是我们在修饰基层工作的时候，特别常用的一个比喻，形容了基层工作的繁杂琐碎，与之对应的，还有这篇文章里提到的我们的基层干部就要“不断探索提高‘千线’穿‘一针’的本领”，这两句话所使用的比喻方法相同，表现力强，可以记下来，提升文章文采。】
4. 《找对方法，提升效率》（8.8，周四）,10.基层治理，难在末梢。,【公考隔壁班王老师解析：用“末梢”说明了基层工作的细节和难处，强调了它的重要性，与之类似的表述我们在上一篇文章还学过一句，说的是基层工作“上面千条线，下面一根针”，这两句话可以一起记下来。】
4. 《找对方法，提升效率》（8.8，周四）,11.“工欲善其事，必先利其器”,【公考隔壁班王老师解析：它出自于《论语》，指要想做好工作，一定先要把工具整治得锐利精良，比喻要做好事情，必须先做好准备，创造条件。而在这篇文章里面，则把“器”引申为了工作方法。这句话放在各类考点，比如治理、生态、城市、文旅、基层等几乎所有的主题需要强调工作方法时，都可以使用。】
4. 《找对方法，提升效率》（8.8，周四）,12.方法之别，根本在于方向之别。方向失之毫厘，方法就会谬以千里。,【公考隔壁班王老师解析：一语道出了方向的重要性，在做事过程中，先确定好方向极为重要，这个道理在生活中我们都理解，但在公务员考试过程中却往往也是一个知识盲区。实际上，这个角度可以和很多申论面试的考点联系起来，比如回顾党史，不管形势和任务如何变化，不管遇到什么样的惊涛骇浪，我们党都始终把握历史主动，沿着正确方向坚定前行。又比如随着时代发展，不论是社会治理、还是城市发展、文化旅游等各方面的工作，也都需要向着高品质、高质量的方向发展。只有明确方向，才能有的放矢，把功夫下对。】
5. 《低空经济“振翅高飞”的启示》（8.9，周五）,13.“低空载人”新消息不断，展现了城市低空交通的无限可能，也彰显着低空经济发展的广阔前景。,【公考隔壁班王老师解析：这句话可以提炼一下结构，变成：“……新消息不断，展现了……的无限可能，也彰显着……发展的广阔前景”，这句话经常可以放在和新现象、新事物有关的话题里面来用，比如“互联网+”“数字化治理”“户外运动”等等，可以记下来。】
5. 《低空经济“振翅高飞”的启示》（8.9，周五）,14.发展低空经济，离不开市场和政策的“双轮驱动”。,"【公考隔壁班王老师解析：注意""双轮驱动""这个词，它的适用范围也很广，经常用来强调把某两项事业都抓好，比如""坚持改革与法治双轮驱动""""推进文化事业和文化产业双轮驱动""，与之类似的表述还有一个，叫做""......如鸟之两翼、车之两轮""，意思也是一样的。】"
5. 《低空经济“振翅高飞”的启示》（8.9，周五）,15.远方不远，未来已来。,【公考隔壁班王老师解析：表达了对未来的展望，话很短，也比较好记，适合放在文章的开头、结尾段可以做引出来用，推荐重点积累、记忆、把握。】
1. 《打通卡点堵点，为发展增动力添活力》（7.29，周一）,1.多方协同、多措并举，山乡“土特产”跨山越海、畅销市场。,【公考隔壁班王老师解析：可以提炼一下结构，变成：“多方协同、多措并举，……跨山越海、畅销市场”，这样一来，放在有关改革、经济、乡村振兴有关的话题和现象里面，都可以使用。】
1. 《打通卡点堵点，为发展增动力添活力》（7.29，周一）,2.用改革的办法破解发展中的问题，把打通卡点堵点、解决痛点难点、回应焦点热点变成工作支点、改革亮点，就能为高质量发展提供新的增长点。,【公考隔壁班王老师解析：虽然是一个长句，但里面使用了对比的写法，就是提到要把“打通卡点堵点、解决痛点难点、回应焦点热点”，变成“工作支点、改革亮点”，同时还要提供新的“增长点”，这就让整句话语势强烈，郎朗上口，表现力强。而且“卡点堵点、解决痛点难点、热点焦点”这些，在有关民生、治理、生态等很多话题都能用得到，因此这句话记下来，是只赚不亏的。】
1. 《打通卡点堵点，为发展增动力添活力》（7.29，周一）,3.“脆李航班”折射新时代改革智慧。,【公考隔壁班王老师解析：可以提炼一下结构，变成：“……折射出……”这个结构可以放在文章中心论点段、过渡段里面做转承、承接使用，前面可以接某一类现象，后面可以接所反映出来的问题或者文章的主旨词。比如我们写乡村振兴，可以说：“农民的身份之变，折射出产业之变、发展之变”，又比如写旅游消费，还可以说：“假期‘花式’出游，折射消费需求之变”，再比如写到党员领导干部的政绩观、奋斗，也可以说：“‘功成不必在我、功成必定有我’，掷地有声的话语，折射新时代共产党人志在千秋伟业的远大追求”，适用范围是很广的，可以记下来。】
2. 《让专业的人发挥专业作用》（7.30，周二）,4.推动乡村全面振兴，关键靠人。,【公考隔壁班王老师解析：这是说到乡村人才的金句，说明了重要性，可以放在文章的开头、结尾段做引出使用。与之类似的还有文章后一句：“他们像一粒粒火种，点燃一个个村庄的发展活力”，这里用“火种”形容“活力”，比喻形象，凸显了年轻人才的作用。两句话意思相近，可以一起积累，增加我们考试的语言变化和表现力。】
2. 《让专业的人发挥专业作用》（7.30，周二）,5.培养壮大一支有活力、有知识、敢拼搏的……队伍，让专业的人发挥专业作用，必能……,【公考隔壁班王老师解析：这个结构可以套用在各领域人才、党员干部相关的话题里，第一个空格填文章的主旨词，第二个空填这样做所能达到的效果，这个结构用在文章的分论点段或结尾段里面都是不错的。】
2. 《让专业的人发挥专业作用》（7.30，周二）,6.有特色才有生命力，职业经理人的专业性体现在对地方特色产业的挖掘培育上。,【公考隔壁班王老师解析：这句话把“专业性”和“地方特色”做了很好的承接，重点看里面“有特色才有生命力”的表述，因为在乡村振兴过程中，“发展地方特色”出现的频率是很高的。与这句话类似的，还有后面提到的“因地制宜，抓住特色搞创新，才能真正提升乡村品牌知名度”，这就把因地制宜、地方特色、创新以及乡村品牌联系在了一起，而这些都是实现乡村全面振兴工作中必不可少的部分，可以直接套用在我们自己的文章当中。】
3.《大国重器彰显大国底气》（7.31，周三）,7. ……（时间）以来，大国重器捷报频传，一系列拥有自主知识产权、具有战略意义的重大科技成果从“图纸”变为现实，勾勒出科技创新活力奔涌的时代画卷。,【公考隔壁班王老师解析：这个结构在使用时，空格的前面可以用事例来引出，然后加一个时间概念，比如“一段时间以来”“改革开放以来”“党的十八大以来”等等，就可以放在开头、中心论点段当中。甚至于换成别的主题搭配，也可以直接用“……变为现实，勾勒出……时代画卷”，空格的地方直接填文章主旨词就可以，都是不错的选择。】
3.《大国重器彰显大国底气》（7.31，周三）,8.从东部沿海到西部戈壁，从祖国北疆到南海之滨，……，一大批闪耀着中国智慧、凝聚着中国力量的大国重器不断涌现。,【公考隔壁班王老师解析：这个结构经常可以变化用在不同申论文章，用来说明某件事的发展、流行，比如写书香社会、书香中国，就可以说：“从广袤乡村到繁华城市，从内陆边疆到沿海地区，大街小巷，书香渐浓。”又比如写讲好中国故事，还可以说“从黑土地滋养的大东北到多民族聚居的大西南，从灯火辉煌的大都市到振兴发展的小山乡，广袤的中国大地上，中国式现代化气象万千，中国故事无处不在”，这种“从……到……”的结构，可以提前准备，节省考场上思考、措词时间。】
3.《大国重器彰显大国底气》（7.31，周三）,9.盖有非常之功，必待非常之人。,"【公考隔壁班王老师解析：这句话出自汉朝班固的《汉书》，大意是说要想成就异乎寻常的丰功伟业，必须依靠非同寻常的人。这句话很万用，因为人是做事的主体，我们要干好任何一项工作，都离不开人才，也都离不开""非常之人""，可以放在有关人才、队伍、干部、作风、担当等话题。】"
4. 《坚持以人民为中心推进改革》（8.1，周四）,10.改革开放是党和人民大踏步赶上时代的重要法宝，是决定当代中国命运的关键一招。,【公考隔壁班王老师解析：这是说到改革开放的典型金句，回答了“什么是改革开放”这个问题，说明了重要性，经常可以用在和改革有关的考点话题当中，放在开头、结尾段使用。一起要注意的还有后面这句话：“坚持以人民为中心是进一步全面深化改革必须贯彻好的重大原则之一”，一语道出了二者之间的关系，把改革和人民这两个概念联系在了一起，这两个内容可以一起来记。】
4. 《坚持以人民为中心推进改革》（8.1，周四）,11.民之所望，改革所向。,【公考隔壁班王老师解析：强调了改革的方向和目的，话很短，方便记忆，也可以用在相关主题的开头或结尾段。】
4. 《坚持以人民为中心推进改革》（8.1，周四）,12.今天的中国，奋进的脚步愈发铿锵，拼搏的精神更加昂扬。,"【公考隔壁班王老师解析：这句话突出了奋进和拼搏，语气强烈，放在结尾做展望时引出，非常有力度。我们之前还学过一些类似的表述，比如：""雄关漫道真如铁，而今迈步从头越""“潮平两岸阔，风正一帆悬”等，可以一起积累、把握。】"
5. 《向“新”出发推动旅游业高质量发展》（8.2，周五）,13.我国旅游发展步入快车道，形成全球最大国内旅游市场。,【公考隔壁班王老师解析：注意“快车道”这个词，它比喻形象，形容发展很快，不仅用在旅游业，放到其他话题里也很好用，比如说到乡村振兴，可以用：“多个省区市已经实现县县通，广大县乡地区接入高速‘快车道’，为乡村振兴提供强大助力”，说到城市治理，可以有：“城镇老旧小区改造工作驶入快车道”，说到营商环境，还可以用：“以一流服务营造一流营商环境，搭建政务服务快车道”等等，这些内容我放在了pdf讲稿里面，方便大家对比把握。】
5. 《向“新”出发推动旅游业高质量发展》（8.2，周五）,14.旅游业从小到大、由弱渐强，成功走出了一条独具特色的中国旅游发展之路。,【公考隔壁班王老师解析：它可以提炼变成：“……从小到大、由弱渐强，成功走出了一条独具特色的……发展之路”，这样一来，就不局限在今天旅游业的话题，放在其他的主题里面，用来形容事物的发展、交代论述背景、列举事例效果都不错。在使用的时候，这个结构前面接一些事例，这些事例往往可以从申论给定材料里面找到，空格里面填和你想要论述的文章主旨词有关的内容就可以。这样一来，能很好的节省我们考场上的思考时间】
5. 《向“新”出发推动旅游业高质量发展》（8.2，周五）,15.科技是第一生产力、创新是第一动力。,【公考隔壁班王老师解析：说明了科技和创新的重要性，放在相关主题文章的开头、结尾段做引出效果不错，与之类似的金句还有比如我们说到科技、创新、人才的角度，经常会用“科技是第一生产力、人才是第一资源、创新是第一动力”，或者从国家、人民的角度来强调它的重要性，还有“科技是第一生产力，国家赖之以强，企业赖之以赢，人民生活赖之以好”，可以一起把握。】
,1. 《当好改革的促进派、实干家》（7.22，周一）,"【公考隔壁班王老师解析：不仅说到了改革的作用，还可以提炼一下结构，变成：""回顾......，一项项成果强信心、暖人心、聚民心""，这就可以放在所有和民生、治理、群众路线有关话题里面，用来引出事例、承上启下都可以。】"
,2. 《织密农村养老服务网》（7.23，周二）,"【公考隔壁班王老师解析：这句话把""实干""和""中国式现代化""结合在了一起，这两个都是考试重点，因此这句话适用的范围就很广了，可以用在文章的开头、中心论点段和结尾段使用。】"
,3. 《把民生事办到民心里》（7.24，周三）,【公考隔壁班王老师解析：是一个放在文章结尾段用作展望的不错结构，空格里面直接填和文章主旨有关的中心词就可以，甚至稍作改写，放在分论点论述里面效果也不错。】
1. 《调查研究贵在“实”》（8.5，周一）,1.多从事物的底层、本质出发来思考问题，善于“解剖麻雀”，聚焦问题症结、抽丝剥茧、刨根问底，把问题难点堵点剖深辨准。,【公考隔壁班王老师解析：注意里面“解剖麻雀”，简单来说是指通过深入研究具体典型，从中找出事物的规律。因为麻雀虽小，五脏俱全，“解剖麻雀”就是要将调研过程中发现的痛点、堵点、难点问题转化为“麻雀”，通过解剖一只“麻雀”，将“点”上的经验推广到“面”，最终实现在全局中解决现实问题的目的。毛泽东同志在《寻乌调查》《长冈乡调查》《才溪乡调查》等著作中，“解剖麻雀”式调查研究经常体现，很能体现我们写作的专业性，可以记下来。】
1. 《调查研究贵在“实”》（8.5，周一）,2.“做‘透’与做‘秀’，只差一个“走”字，干部不跨进群众门槛，群众就不会把干部记在心坎”。,【公考隔壁班王老师解析：这就通过“透”和“秀”两个字在字形上只差一个“走之旁”的差异，非常生动的表达了群众观点，再加上这句话里面“跨进门坎”和“记在心坎”的对应，不仅是申论大作文，在面试答题的过程中，遇到有关群众路线、基层治理、担当奉献、党建作风等很多话题都可以适用，能给我们的文章和表达增色不少。】
1. 《调查研究贵在“实”》（8.5，周一）,3.“调查研究贵在‘实’”,【公考隔壁班王老师解析：这个文章标题本身也值得积累，可以提炼一下结“……贵在……”，前面一个空格写我们要论述的主题，后面写这个主题里面我们要强调的品质，用来设计文章题目是很好用的，比如“好作风贵在‘廉’”“基层治理贵在‘精准’”“为民办事贵在实效”等等。】
2. 《国货“潮起来”生活美起来》（8.6，周二）,4.随着生活水平不断提升，人们愈发追求精神文化生活的丰富性，在消费中也寄托了独特的精神志趣和审美态度。,【公考隔壁班王老师解析：注意里面“随着生活水平不断提升”，随着时代发展，我们在各个领域的要求都会变得更高，反应在申论、面试的考点里面也会有很多体现。比如，我们遇到有关户外运动、全民健身的话题，就可以说：“随着经济社会发展和生活水平提高，人民群众更加注重身体健康和生活品质，户外运动需求持续释放”；遇到生态环保、绿色发展类话题，就可以说：“随着经济社会发展水平和人民生活水平不断提高，老百姓对良好生态环境的需求越来越高”，等等。刚刚这些例句我都放在了今天pdf讲稿里面，这个思路很常用，需要重点把握。】
2. 《国货“潮起来”生活美起来》（8.6，周二）,5.老字号、老品牌长盛不衰，不能只靠“卖情怀”“卖记忆”。以更高的追求、更严的标准生产产品，不断推陈出新，品牌才会良性发展，国潮才会澎湃不息。,【公考隔壁班王老师解析：有关“老字号”“非遗传承”“非遗品牌”的内容，同样也都是申论面试的重要考点，那遇到这类内容时，刚刚这句话就非常适用，能很好的体现我们思考的全面，可以一并积累下来。】
2. 《国货“潮起来”生活美起来》（8.6，周二）,6.国潮催生新风尚，国货展现新变化，国货推动新发展。,【公考隔壁班王老师解析：依然是说到国潮、国货、中国品牌有关考点话题的不错金句，强调了其重要性，而且里面的“新风尚、新变化、新发展”让语言表达更有气势，可以记下来。】
3. 《以青春力量激活基层治理一池春水》（8.7，周三）,7.瞄准基层治理“关键词”，扮演好基层治理“关键角色”，打通基层治理“最后一公里”。,【公考隔壁班王老师解析：这里可以提炼一个结构：“瞄准……‘关键词’，扮演好……‘关键角色’，打通……‘最后一公里’”，就可以适用在其他很多话题里面，放在文章的中心论点段做引出来用，效果不错。】
3. 《以青春力量激活基层治理一池春水》（8.7，周三）,8.“欲筑室者，先治其基”,【公考隔壁班王老师解析：它出自于北宋文学家苏辙的《新论》。其意是说，想要筑造房屋，首先要打好它的地基，强调了基础、基层的重要。与之类似的，还有这篇文章后面的一句：“基层强则国家强，基层安则天下安”，它来自于权威的标准表述，放在所有和社区、基层、群众路线、社会治理等话题里面，效果都是非常不错的，可以记下来。】
3. 《以青春力量激活基层治理一池春水》（8.7，周三）,9.“上面千条线，下面一根针”,【公考隔壁班王老师解析：这是我们在修饰基层工作的时候，特别常用的一个比喻，形容了基层工作的繁杂琐碎，与之对应的，还有这篇文章里提到的我们的基层干部就要“不断探索提高‘千线’穿‘一针’的本领”，这两句话所使用的比喻方法相同，表现力强，可以记下来，提升文章文采。】
4. 《找对方法，提升效率》（8.8，周四）,10.基层治理，难在末梢。,【公考隔壁班王老师解析：用“末梢”说明了基层工作的细节和难处，强调了它的重要性，与之类似的表述我们在上一篇文章还学过一句，说的是基层工作“上面千条线，下面一根针”，这两句话可以一起记下来。】
4. 《找对方法，提升效率》（8.8，周四）,11.“工欲善其事，必先利其器”,【公考隔壁班王老师解析：它出自于《论语》，指要想做好工作，一定先要把工具整治得锐利精良，比喻要做好事情，必须先做好准备，创造条件。而在这篇文章里面，则把“器”引申为了工作方法。这句话放在各类考点，比如治理、生态、城市、文旅、基层等几乎所有的主题需要强调工作方法时，都可以使用。】
4. 《找对方法，提升效率》（8.8，周四）,12.方法之别，根本在于方向之别。方向失之毫厘，方法就会谬以千里。,【公考隔壁班王老师解析：一语道出了方向的重要性，在做事过程中，先确定好方向极为重要，这个道理在生活中我们都理解，但在公务员考试过程中却往往也是一个知识盲区。实际上，这个角度可以和很多申论面试的考点联系起来，比如回顾党史，不管形势和任务如何变化，不管遇到什么样的惊涛骇浪，我们党都始终把握历史主动，沿着正确方向坚定前行。又比如随着时代发展，不论是社会治理、还是城市发展、文化旅游等各方面的工作，也都需要向着高品质、高质量的方向发展。只有明确方向，才能有的放矢，把功夫下对。】
5. 《低空经济“振翅高飞”的启示》（8.9，周五）,13.“低空载人”新消息不断，展现了城市低空交通的无限可能，也彰显着低空经济发展的广阔前景。,【公考隔壁班王老师解析：这句话可以提炼一下结构，变成：“……新消息不断，展现了……的无限可能，也彰显着……发展的广阔前景”，这句话经常可以放在和新现象、新事物有关的话题里面来用，比如“互联网+”“数字化治理”“户外运动”等等，可以记下来。】
5. 《低空经济“振翅高飞”的启示》（8.9，周五）,14.发展低空经济，离不开市场和政策的“双轮驱动”。,"【公考隔壁班王老师解析：注意""双轮驱动""这个词，它的适用范围也很广，经常用来强调把某两项事业都抓好，比如""坚持改革与法治双轮驱动""""推进文化事业和文化产业双轮驱动""，与之类似的表述还有一个，叫做""......如鸟之两翼、车之两轮""，意思也是一样的。】"
5. 《低空经济“振翅高飞”的启示》（8.9，周五）,15.远方不远，未来已来。,【公考隔壁班王老师解析：表达了对未来的展望，话很短，也比较好记，适合放在文章的开头、结尾段可以做引出来用，推荐重点积累、记忆、把握。】
1. 《打通卡点堵点，为发展增动力添活力》（7.29，周一）,1.多方协同、多措并举，山乡“土特产”跨山越海、畅销市场。,【公考隔壁班王老师解析：可以提炼一下结构，变成：“多方协同、多措并举，……跨山越海、畅销市场”，这样一来，放在有关改革、经济、乡村振兴有关的话题和现象里面，都可以使用。】
1. 《打通卡点堵点，为发展增动力添活力》（7.29，周一）,2.用改革的办法破解发展中的问题，把打通卡点堵点、解决痛点难点、回应焦点热点变成工作支点、改革亮点，就能为高质量发展提供新的增长点。,【公考隔壁班王老师解析：虽然是一个长句，但里面使用了对比的写法，就是提到要把“打通卡点堵点、解决痛点难点、回应焦点热点”，变成“工作支点、改革亮点”，同时还要提供新的“增长点”，这就让整句话语势强烈，郎朗上口，表现力强。而且“卡点堵点、解决痛点难点、热点焦点”这些，在有关民生、治理、生态等很多话题都能用得到，因此这句话记下来，是只赚不亏的。】
1. 《打通卡点堵点，为发展增动力添活力》（7.29，周一）,3.“脆李航班”折射新时代改革智慧。,【公考隔壁班王老师解析：可以提炼一下结构，变成：“……折射出……”这个结构可以放在文章中心论点段、过渡段里面做转承、承接使用，前面可以接某一类现象，后面可以接所反映出来的问题或者文章的主旨词。比如我们写乡村振兴，可以说：“农民的身份之变，折射出产业之变、发展之变”，又比如写旅游消费，还可以说：“假期‘花式’出游，折射消费需求之变”，再比如写到党员领导干部的政绩观、奋斗，也可以说：“‘功成不必在我、功成必定有我’，掷地有声的话语，折射新时代共产党人志在千秋伟业的远大追求”，适用范围是很广的，可以记下来。】
2. 《让专业的人发挥专业作用》（7.30，周二）,4.推动乡村全面振兴，关键靠人。,【公考隔壁班王老师解析：这是说到乡村人才的金句，说明了重要性，可以放在文章的开头、结尾段做引出使用。与之类似的还有文章后一句：“他们像一粒粒火种，点燃一个个村庄的发展活力”，这里用“火种”形容“活力”，比喻形象，凸显了年轻人才的作用。两句话意思相近，可以一起积累，增加我们考试的语言变化和表现力。】
2. 《让专业的人发挥专业作用》（7.30，周二）,5.培养壮大一支有活力、有知识、敢拼搏的……队伍，让专业的人发挥专业作用，必能……,【公考隔壁班王老师解析：这个结构可以套用在各领域人才、党员干部相关的话题里，第一个空格填文章的主旨词，第二个空填这样做所能达到的效果，这个结构用在文章的分论点段或结尾段里面都是不错的。】
2. 《让专业的人发挥专业作用》（7.30，周二）,6.有特色才有生命力，职业经理人的专业性体现在对地方特色产业的挖掘培育上。,【公考隔壁班王老师解析：这句话把“专业性”和“地方特色”做了很好的承接，重点看里面“有特色才有生命力”的表述，因为在乡村振兴过程中，“发展地方特色”出现的频率是很高的。与这句话类似的，还有后面提到的“因地制宜，抓住特色搞创新，才能真正提升乡村品牌知名度”，这就把因地制宜、地方特色、创新以及乡村品牌联系在了一起，而这些都是实现乡村全面振兴工作中必不可少的部分，可以直接套用在我们自己的文章当中。】
3.《大国重器彰显大国底气》（7.31，周三）,7. ……（时间）以来，大国重器捷报频传，一系列拥有自主知识产权、具有战略意义的重大科技成果从“图纸”变为现实，勾勒出科技创新活力奔涌的时代画卷。,【公考隔壁班王老师解析：这个结构在使用时，空格的前面可以用事例来引出，然后加一个时间概念，比如“一段时间以来”“改革开放以来”“党的十八大以来”等等，就可以放在开头、中心论点段当中。甚至于换成别的主题搭配，也可以直接用“……变为现实，勾勒出……时代画卷”，空格的地方直接填文章主旨词就可以，都是不错的选择。】
3.《大国重器彰显大国底气》（7.31，周三）,8.从东部沿海到西部戈壁，从祖国北疆到南海之滨，……，一大批闪耀着中国智慧、凝聚着中国力量的大国重器不断涌现。,【公考隔壁班王老师解析：这个结构经常可以变化用在不同申论文章，用来说明某件事的发展、流行，比如写书香社会、书香中国，就可以说：“从广袤乡村到繁华城市，从内陆边疆到沿海地区，大街小巷，书香渐浓。”又比如写讲好中国故事，还可以说“从黑土地滋养的大东北到多民族聚居的大西南，从灯火辉煌的大都市到振兴发展的小山乡，广袤的中国大地上，中国式现代化气象万千，中国故事无处不在”，这种“从……到……”的结构，可以提前准备，节省考场上思考、措词时间。】
3.《大国重器彰显大国底气》（7.31，周三）,9.盖有非常之功，必待非常之人。,"【公考隔壁班王老师解析：这句话出自汉朝班固的《汉书》，大意是说要想成就异乎寻常的丰功伟业，必须依靠非同寻常的人。这句话很万用，因为人是做事的主体，我们要干好任何一项工作，都离不开人才，也都离不开""非常之人""，可以放在有关人才、队伍、干部、作风、担当等话题。】"
4. 《坚持以人民为中心推进改革》（8.1，周四）,10.改革开放是党和人民大踏步赶上时代的重要法宝，是决定当代中国命运的关键一招。,【公考隔壁班王老师解析：这是说到改革开放的典型金句，回答了“什么是改革开放”这个问题，说明了重要性，经常可以用在和改革有关的考点话题当中，放在开头、结尾段使用。一起要注意的还有后面这句话：“坚持以人民为中心是进一步全面深化改革必须贯彻好的重大原则之一”，一语道出了二者之间的关系，把改革和人民这两个概念联系在了一起，这两个内容可以一起来记。】
4. 《坚持以人民为中心推进改革》（8.1，周四）,11.民之所望，改革所向。,【公考隔壁班王老师解析：强调了改革的方向和目的，话很短，方便记忆，也可以用在相关主题的开头或结尾段。】
4. 《坚持以人民为中心推进改革》（8.1，周四）,12.今天的中国，奋进的脚步愈发铿锵，拼搏的精神更加昂扬。,"【公考隔壁班王老师解析：这句话突出了奋进和拼搏，语气强烈，放在结尾做展望时引出，非常有力度。我们之前还学过一些类似的表述，比如：""雄关漫道真如铁，而今迈步从头越""“潮平两岸阔，风正一帆悬”等，可以一起积累、把握。】"
5. 《向“新”出发推动旅游业高质量发展》（8.2，周五）,13.我国旅游发展步入快车道，形成全球最大国内旅游市场。,【公考隔壁班王老师解析：注意“快车道”这个词，它比喻形象，形容发展很快，不仅用在旅游业，放到其他话题里也很好用，比如说到乡村振兴，可以用：“多个省区市已经实现县县通，广大县乡地区接入高速‘快车道’，为乡村振兴提供强大助力”，说到城市治理，可以有：“城镇老旧小区改造工作驶入快车道”，说到营商环境，还可以用：“以一流服务营造一流营商环境，搭建政务服务快车道”等等，这些内容我放在了pdf讲稿里面，方便大家对比把握。】
5. 《向“新”出发推动旅游业高质量发展》（8.2，周五）,14.旅游业从小到大、由弱渐强，成功走出了一条独具特色的中国旅游发展之路。,【公考隔壁班王老师解析：它可以提炼变成：“……从小到大、由弱渐强，成功走出了一条独具特色的……发展之路”，这样一来，就不局限在今天旅游业的话题，放在其他的主题里面，用来形容事物的发展、交代论述背景、列举事例效果都不错。在使用的时候，这个结构前面接一些事例，这些事例往往可以从申论给定材料里面找到，空格里面填和你想要论述的文章主旨词有关的内容就可以。这样一来，能很好的节省我们考场上的思考时间】
5. 《向“新”出发推动旅游业高质量发展》（8.2，周五）,15.科技是第一生产力、创新是第一动力。,【公考隔壁班王老师解析：说明了科技和创新的重要性，放在相关主题文章的开头、结尾段做引出效果不错，与之类似的金句还有比如我们说到科技、创新、人才的角度，经常会用“科技是第一生产力、人才是第一资源、创新是第一动力”，或者从国家、人民的角度来强调它的重要性，还有“科技是第一生产力，国家赖之以强，企业赖之以赢，人民生活赖之以好”，可以一起把握。】
,1. 《当好改革的促进派、实干家》（7.22，周一）,"【公考隔壁班王老师解析：不仅说到了改革的作用，还可以提炼一下结构，变成：""回顾......，一项项成果强信心、暖人心、聚民心""，这就可以放在所有和民生、治理、群众路线有关话题里面，用来引出事例、承上启下都可以。】"
,2. 《织密农村养老服务网》（7.23，周二）,"【公考隔壁班王老师解析：这句话把""实干""和""中国式现代化""结合在了一起，这两个都是考试重点，因此这句话适用的范围就很广了，可以用在文章的开头、中心论点段和结尾段使用。】"
,3. 《把民生事办到民心里》（7.24，周三）,【公考隔壁班王老师解析：是一个放在文章结尾段用作展望的不错结构，空格里面直接填和文章主旨有关的中心词就可以，甚至稍作改写，放在分论点论述里面效果也不错。】
,1. 《扎根基层践初心》（7.8，周一）,【公考隔壁班王老师解析：它强调了时代和使命的召唤作用，用来形容奋斗、担当、实干，用在文章的结尾段作为展望效果都不错，在有的文章里，这句话还可以起到承上启下的作用，可以记下来。】
,2. 《让更多农民群众在家门口看上戏、看好戏》（7.9，周二）,【公考隔壁班王老师解析：一语道出了基层工作的特点——虽然琐碎但很重要，里面“家长里短”“鸡毛蒜皮”和“急难愁盼”用词都很形象，在和基层有关的话题里都可以用，推荐记下来。】
,3. 《航天追梦激扬创新豪情》（7.10，周三）,【公考隔壁班王老师解析：重点注意这句话：“总要给这片土地留下点东西。”这里没有使用华丽的词藻，而是用徐利民同志生前常说的一句非常朴实的话语，但却“掷地有声”，诠释了他的不凡人生、折射了新时代共产党人的远大追求，余音绕梁，启迪我们的思考。准备面试的同学可以把这里积累下来。复习笔试的同学，也可以在把握这句话的同时，提炼本段一个结构：“……是……的真实写照，折射新时代共产党人志在千秋伟业的远大追求”，遇到有关干部、党建、榜样相关的考点主题，用在结尾段做展望或引出，效果也都不错。】
,1. 《深挖改革开放中蕴藏的“精神宝矿”》（5.27，周一）,【公考隔壁班王老师解析：这是说到有关改革开放、攻坚精神的不错金句，可以在相关的主题里面直接引用，改写一下就可以修饰“不同的场景”和“不同的精神”，变成：“……历程中，既要涉险滩，又要闯难关，‘……精神’是其中一股强大动力，是我们党走过百年历程的制胜法宝”，前面的空格填场景，后面的空格填比如担当、奋斗、实干等关于“某种精神”的主旨词，适用范围就很广。】
,2. 《在立与破中稳健前行》（5.28，周二）,【公考隔壁班王老师解析：通过说明时间和奋进，凸显了奋斗、实干精神，放在担当、干部、青年、改革开放等主题都可以用，放在开头、结尾做引出效果都不错。】
,3. 《以治理创新提高乡村善治水平》（5.29，周三）,【公考隔壁班王老师解析：说明了创新对改革开放的作用，凸显了创新的重要，放在这和两类内容有关的考点里面，都可以直接套用，也能很好的增加我们的文章文采。】
1. 《多措并举推动品牌建设》（4.29，周一）,1.推动中国制造向中国创造转变、中国速度向中国质量转变、中国产品向中国品牌转变。,【公考隔壁班王老师解析：把中国制造、中国创造、中国速度、中国质量、中国产品、中国品牌都说的特别清楚，这句话一定要重点记一下，因为弄明白了这几个词的关系，我们在答这一类的考点题目时，就能够降低很多干扰，做到有的放矢。】
1. 《多措并举推动品牌建设》（4.29，周一）,2.企业是创新的主体，也是塑造和培育品牌的基本单元。,【公考隔壁班王老师解析：企业是经济活动中不可或缺的重要主体之一，因此我们要想论述中国品牌，企业是避不开的内容——换成标准表述，就是刚刚的这句话了。】
1. 《多措并举推动品牌建设》（4.29，周一）,3.品牌影响力决定着一个国家在全球产业价值链中的地位。,【公考隔壁班王老师解析：不仅说到经济角度，还提到了“国家”“全球产业链”，这就可以和我们之前学过的内容放在一起来理解，比如“外部环境复杂性不确定性加剧”“百年变局加速演进，外部环境更趋复杂严峻和不确定”。这些内容可以很好提升我们论述的政策性和专业性。】
2. 《合力防范青少年短视频沉迷》（5.1，周三）,4.在调研的中部省份中，有九成农村留守儿童长期使用专属手机或者长辈的手机……,【公考隔壁班王老师解析：“农村留守儿童”需要我们重点注意，因为不论使用手机、互联网安全、教育公平、校园安全等很多问题，都不仅仅涉及城市里面孩子，还有广大农村的留守儿童。考试当中能想到这个角度，不仅可以体现我们思考的全面，还可以很好的表现你的人文关怀，提升文章的温度。】
2. 《合力防范青少年短视频沉迷》（5.1，周三）,5.如何有效防止未成年人陷入短视频沉迷，成为一道现实课题。,【公考隔壁班王老师解析：提炼一下结构，可以变成：“如何有效……，成为一道现实课题。”可以套用在几乎所有的主题里面，因为不论申论还是面试考试，所出的题目都必须要围绕“实际问题”。我们写开头段时，就可以直接用这句话，空格的地方直接填你所要论述的中心词或主要问题就可以。】
2. 《合力防范青少年短视频沉迷》（5.1，周三）,6.网络空间是亿万民众共同的精神家园。,【公考隔壁班王老师解析：典型的金句，经常可以放在有关互联网的主题里面，写背景时来使用，不论是网络安全、网络文明、互联网治理、数字化等等主题，效果都不错。】
3. 《找到“金点子” 拓宽“好路子”》（5.2，周四）,7.老旧小区改造是提升百姓获得感的重要工作，也是两难多难集中的任务，得下足“绣花”功夫。,【公考隔壁班王老师解析：这里强调了老旧小区改造的重要性、所面临的难度以及改造的基本原则，尤其注意里面在强调难度时用的词“两难多难集中”，以及要“下足‘绣花’功夫”，这些都是在民生话题里的常用词，可以举一反三来用。】
3. 《找到“金点子” 拓宽“好路子”》（5.2，周四）,8.兼顾多方利益，协商破解难题，把事情说透、道理讲通，终能探寻到最大公约数。,【公考隔壁班王老师解析：集中体现了我们在基层治理里面的一个重要原则，那就是“共建共治共享”。而且非常难得的是，这里把具体大家如何商议、街怎么做、诉求怎么表达、如何协调兼顾等等都写的很细，里面“最大公约数”的表现力也很像，考试当中用出来，能让读者更好的明白这个原则究竟是怎么回事，增强写作的理论性。】
3. 《找到“金点子” 拓宽“好路子”》（5.2，周四）,9.人民城市人民建，人民城市为人民。,【公考隔壁班王老师解析：标准的金句，用在城市、民生、治理等相关的话题里，放在开头、结尾或者中心论点段里直接套用，效果都是不错的。】
4. 《健身圈，更好建身边》（5.3，周五）,10.绘就体育强国和健康中国建设的美丽画卷。,【公考隔壁班王老师解析：这里的“画卷”一词是很多主题的常用搭配，比如我们学过的“共绘健康乡村新画卷”“美丽中国的更新画卷”“用奋斗绘就青春最亮丽的画卷”等，大家可以把它们放在一起，对比学习、把握、记忆。】
4. 《健身圈，更好建身边》（5.3，周五）,11.在群众身边建设更多健身场地，只是第一步；通过高水平的公共服务提升群众使用体验，更为关键。,【公考隔壁班王老师解析：虽然没有华丽的词藻，但却把道理说的很透彻，提炼一下结构，变成：“……，只是第一步；通过高水平……，更为关键”，这样就可以放在几乎所有申论、面试主题里，用于分论点之间的转承、承接，效果都不错。】
4. 《健身圈，更好建身边》（5.3，周五）,12.在激发群众健身热情的同时，也需要更加规范化、法治化、制度化的管理，针对健身过程中容易出现的矛盾和问题，制定相应的实施细则。,【公考隔壁班王老师解析：可以改写一下，变成：“在……的同时，也需要更加规范化、法治化、制度化的管理，针对出现的矛盾和问题，制定相应的实施细则。”记下来，遇到有关治理、法治、规则类相关的开单主题，改一改就可以套用，能让自己的文章更加专业。】
1. 《于减负中求“增劲”》（4.1，周一）,1.基层减负是一道暖心令，更是一道鼓劲令。,【公考隔壁班王老师解析：用非常形象的语言概括了基层减负的作用，里面的“暖心令”和“鼓劲令”的提法很生动，这句话放在相关的考点里，在引出论点、结尾展望时效果都不错，推荐记下来。】
1. 《于减负中求“增劲”》（4.1，周一）,2.基层是服务群众的最前沿。,【公考隔壁班王老师解析：话虽短，但强调了基层的重要作用，可以把它和我们之前学过的有关基层的几个金句一起来记，比如“基层是国家治理的神经末梢，也是党和政府联系服务群众的‘最后一公里’”，或者“基层是国家治理的基石，是服务群众的第一线”，这几句话意思相近，方便我们在考场上变换不同场景进行使用。】
1. 《于减负中求“增劲”》（4.1，周一）,3.作风建设是攻坚战，也是持久战。,【公考隔壁班王老师解析：这句话说明了作风建设的特点和难点，提醒我们要全力以赴，它还可以提炼一下，变成：“……是攻坚战，也是持久战”，就几乎可以适用在其他所有主题，空格里面填乡村振兴、生态环保等等都可以。】
2. 《增添一抹绿色，共建美丽家园》（4.2，周二）,4.……一个个播撒绿意的忙碌身影，成为春光里最靓丽的风景。,【公考隔壁班王老师解析：这个句式经常可以放在文章开头作为引出事例时使用，变成：“一个个……的忙碌身影，成为……里最靓丽的风景”，这种用“事例+成为……风景”的写法，是很多文章开头的经典写法，方便我们利用好申论给定材料，需要留意。】
2. 《增添一抹绿色，共建美丽家园》（4.2，周二）,5.百病必先治其本。,【公考隔壁班王老师解析：强调解决问题、做好工作要先从根本问题、本质问题出发，放在分论点论述里面能很好的增加文章文采，而且话不长，也相对好记。】
2. 《增添一抹绿色，共建美丽家园》（4.2，周二）,6.建设美丽中国，要夯实基础支撑，打好法治、市场、科技、政策、人才“组合拳”。,【公考隔壁班王老师解析：这句话不仅说明了建设美丽中国的必备要素，还可以提炼一下结构，变成：“建设……，要夯实基础支撑，打好法治、市场、科技、政策、人才‘组合拳’”，毕竟这里面提到的“法治、市场、科技、政策、人才”是很多话题领域里面都必不可少的，大家在考试时，可以根据所要论述的主题做适当的增减，是很好用的结构。】
3. 《强化精准思维，下足绣花功夫》（4.3，周三）,7.贵在精准、重在精准，精准是我们推进各领域工作的重要思维方法和工作方法。,【公考隔壁班王老师解析：精准思维是几乎可以使用在所有考点主题里的重要角度，这句话直接强调了精准的重要性，可以放在分论点段作为引出使用，能很好的提升文章的专业性。】
3. 《强化精准思维，下足绣花功夫》（4.3，周三）,8.致广大而尽精微。,【公考隔壁班王老师解析：这句话出自《中庸》，原意为善问好学，不仅可以达到宽广博大的宏观境界，还能深入到精细详尽的微观之处。放在今天的文章语境简单理解，就是“既能顾及大局，又能考虑精细”的意思。适用于很多主题，可以记下来。】
3. 《强化精准思维，下足绣花功夫》（4.3，周三）,9.天下大事，必作于细。,【公考隔壁班王老师解析：它出自于《道德经》，意思是要做好天下的大事，都要来自于对细节的注意和把握，告诉我们要从小事、细节处做起。这句话虽然是古文，但都是我们在生活当中特别容易接触到的，在文稿里也会经常使用，值得记下来。】
4. 《尊崇英烈，激发奋进力量》（4.4，周四）,10.天地英雄气，千秋尚凛然。,【公考隔壁班王老师解析：这是提到英雄、英烈、英雄精神非常典型的金句，经常可以用在开头、中心论点段或者结尾段里面作为引出来使用，有时我们遇到要写有关清明、纪念活动等有关场景的讲话稿时，就可以套用这句话。】
4. 《尊崇英烈，激发奋进力量》（4.4，周四）,11.英雄不仅是一个价值符号，更是一个个有血有肉、有着深切的为民情怀的人。,【公考隔壁班王老师解析：这句话说出了我们尊崇英雄的原因，注意里面提到的“不仅是一个价值符号……更是有着为民情怀的人”，这就把英雄精神和为民情怀联系在了一起，这个思路放在有关干部、作风、党建、人民等和价值观、政绩观有关的话题里都可以使用。】
4. 《尊崇英烈，激发奋进力量》（4.4，周四）,12.崇尚英雄才会产生英雄，争做英雄才能英雄辈出。,【公考隔壁班王老师解析：它出自权威的标准表述，是典型的金句，推荐大家记住，在考试当中用出来，能大幅增加我们的文章文采。与之类似的还有一句话，在这里给大家一并做一下补充，就是：“一个有希望的民族不能没有英雄，一个有前途的国家不能没有先锋”，效果和用法也是一样的，我把它放在了pdf讲稿里面，推荐大家一并积累、记忆、把握。】
5. 《以数字化赋能食品安全治理》（4.5，周五）,13.民以食为天，食以安为先。,【公考隔壁班王老师解析：这是说到有关食品安全的典型金句，只要是提到这个话题的文章、报道、电视节目等都经常引用这句话，可以记下来，放在文章开头、结尾段做引出效果不错。】
5. 《以数字化赋能食品安全治理》（4.5，周五）,14.食品安全关系人民群众身体健康，关系社会健康稳定发展；以数字化赋能食品安全治理，是落实食品安全战略、提高公共安全治理水平的重要途径。,【公考隔壁班王老师解析：平时我们说食品安全重要，很可能首先想到的就是比如“食品安全关系每个人的身体健康，数字化很重要等等”，这是我们生活中的说法，那如果换成申论、面试当中的标准表述，机关工作里会用到的语言该怎么说呢？就可以用这两句话了，写到有关“食品安全+数字化”主题，就可以帮助我们有效提升分数。】
5. 《以数字化赋能食品安全治理》（4.5，周五）,15.努力把好从农田到餐桌的每一道关卡，确保人民群众“舌尖上的安全”。,【公考隔壁班王老师解析：不仅用“农田到餐桌的每一道关卡”来修饰食品安全，用语形象，而且还提到“舌尖上的安全”，这也是说到有关食品安全领域话题的典型标准词，适用频率很高，推荐记下来。】
1. 《抓住主要矛盾 促进工作落实》（3.25，周一）,1.矛盾普遍存在，推进工作就是把握矛盾、解决问题的过程。,【公考隔壁班王老师解析：话虽朴实，但却一语道出了我们做工作的本质——就是要不断的解决问题、解决矛盾，因此这句话可以套用在其他几乎所有主题里面，不管写乡村振兴，还是写基层工作，在分论点论述的时候，都可以先用一下这句话，然后再接着具体论述“某项工作在过程中会遇到哪些问题，需要我们从哪些方面去进行重点解决”之类。】
1. 《抓住主要矛盾 促进工作落实》（3.25，周一）,2.只有正确判断和紧紧抓住……（这个）主要矛盾，并集中力量解决……主要矛盾（或主要问题），才能找到解决复杂问题的重点，达到纲举目张、掌控全局、以点带面、事半功倍的效果。,【公考隔壁班王老师解析：因为“抓主要矛盾”是我们做工作的底层逻辑和根本方法，沿着这个思路设计写作，空格的地方，就可以填写想要论述的文章主旨、材料中提取出来的主要问题等都可以，不仅能让文章主题更为聚焦，还可以大幅节省考场上的思考时间。】
1. 《抓住主要矛盾 促进工作落实》（3.25，周一）,3.新时代新征程上，我们的事业越是发展，面临的复杂矛盾就越多，就越要讲求工作推进的方式方法。,【公考隔壁班王老师解析：可以提炼改写一下，变成：“新时代新征程上，我们的事业越是发展，面临的复杂矛盾就越多，就越要……”可以适用在很多文章的结尾段，作为引出来使用，除了今天论述的“工作方法”外，还可以用来写比如责任、担当、奋斗、作风等话题，空格的地方填与文章主旨有关的做法就可以。】
2. 《让人民群众看到变化、得到实惠》（3.26，周二）,4.问题是时代的声音，也是工作的导向，人民群众有多少获得感，很大程度上要看问题解决得怎么样。,【公考隔壁班王老师解析：这句话把“问题”“时代”“工作”和“人民”结合在一起，突出了以问题为导向的重要性，是不错的金句。里面的分句还可以拆开来单独用在不同的主题里面，比如我曾给大家分析过“一刻钟便民生活圈”，里面就有一句话：“问题是时代的声音，解决好群众的需求，是建设好一刻钟便民生活圈的出发点和落脚点”；又比如有关政策落实落地的文章，里面就有：“问题是时代的声音，生活好不好，政策落实到不到位，群众最有发言权”，等等。】
2. 《让人民群众看到变化、得到实惠》（3.26，周二）,5.制度制定了，就得“长牙”“带电”，形成刚性约束，不折不扣狠抓落实。,【公考隔壁班王老师解析：用来说有关制度、落实类话题的金句，强调了只有制度还不行，还得严格进行落实，才能起到效果，而且里面的“‘长牙’‘带电’”等词用语形象，能很好的增加文章文采。】
2. 《让人民群众看到变化、得到实惠》（3.26，周二）,6.问题在哪里，工作就要跟进到哪里；群众怎么盼，工作就怎么干。,【公考隔壁班王老师解析：这是说到问题导向、干部作风、群众工作的典型金句，放到文章的开头、结尾以及分论点里都可以用，效果不错。这句话还可以和我们前两天刚刚学过的另外一句：“坐在办公室碰到的都是问题，下基层调研看到的全是办法”放在一起来记，效果都不错。】
3. 《用好“因地制宜”方法论》（3.27，周三）,7.用好因地制宜这一科学方法，我们能够下好先手棋、打好主动仗，更好地掌握工作的主动权，提升工作效能，实现事半功倍的效果。,【公考隔壁班王老师解析：不仅是提到“因地制宜”这个工作方法、形容其重要性的好句子，而且里面的“下好先手棋、打好主动仗”用语形象，表现力强，放在文章里面能很好的增加我们的文采。】
3. 《用好“因地制宜”方法论》（3.27，周三）,8.不谋全局者，不足谋一域。,【公考隔壁班王老师解析：强调全局意识、大局意识的金句，对仗工整，能有效增强文章说服力，与之类似的表述文中还有一句，就是：“自觉从大局看问题，把工作放到大局中去思考、定位、摆布，做到正确认识大局、自觉服从大局、坚决维护大局”，可以一并积累把握。】
3. 《用好“因地制宜”方法论》（3.27，周三）,9.要坚持从实际出发，切实用好……这一重要的方法论工具，做到……，进而更好的实现全方位高质量发展。,【公考隔壁班王老师解析：这个句式可以用在我们所有关于方法论的写作中，比如坚持问题导向、抓住主要矛盾、处理质与量的关系等等，都会产生不错的效果。】
4. 《提升全民数字素养与技能》（3.28，周四）,10.新征程上，要顺应时代潮流，不断提高全民数字素养与技能，让广大人民群众共享数字红利。,【公考隔壁班王老师解析：在论述有关“互联网+”“人工智能+”“数字化”等话题的不错金句，可以在介绍这类话题的背景时进行使用，而且里面把“新征程”“时代潮流”“共享数字红利”等结合在一起，整句话信息密度更大、含金量更高。】
4. 《提升全民数字素养与技能》（3.28，周四）,11.持续推进农民手机应用技能培训工作，提高农民对数字化“新农具”的使用能力。,【公考隔壁班王老师解析：这句话是说到有关乡村振兴的另外一个考点“数字乡村”“农村电商”里经常会提到的，相关的常用表述是：“手机成为新农具，数据成为新农资”或者“农产品成了新网货，手机成了新农具”，这两句话表现力更强，推荐积累。】
4. 《提升全民数字素养与技能》（3.28，周四）,12.数字经济是把握新一轮科技革命和产业变革新机遇的战略选择，已成为推动传统产业转型升级、促进高质量发展、持续提升民生福祉的新引擎。,【公考隔壁班王老师解析：内容虽然比较长，但里面把“数字经济”“新一轮科技革命和产业变革新机遇”“高质量发展”以及“民生福祉”等内容都概括了进去，强调了数字经济及其重要，这句话可以记下来，用在有关数字经济的话题里面，放在开头、结尾段做引出效果都不错。】
1. 《让民营经济成为高质量发展的强大动能》（3.18，周一）,1.民营经济是推进中国式现代化的生力军，是高质量发展的重要基础，是推动我国全面建成社会主义现代化强国、实现第二个百年奋斗目标的重要力量。,【公考隔壁班王老师解析：我们平时总说民营企业很重要，可究竟都重要在哪儿呢？这句话就分别从“中国式现代化”“高质量发展”“社会主义现代化强国”以及“第二个百年奋斗目标”这几个方面进行了阐释，说的很专业，考试当中用一用，能很好的提升文章的“含金量”。】
1. 《让民营经济成为高质量发展的强大动能》（3.18，周一）,2.春江水暖鸭先知。民营经济是典型的环境经济、“候鸟经济”，哪里气候环境好，企业就往哪里“飞”。,【公考隔壁班王老师解析：前半句“春江水暖鸭先知”是我们都知道的古诗，本意写的是景，但现在经常被用在民营经济、营商环境的主题，强调企业和企业家对环境变化感知的敏锐和深刻。在申论写作、面试答题里，这类不那么难、比较好记、但很能体现主旨，增强文章表现力的搭配有很多，比如我们学过的“栽下梧桐树，引得凤凰来”（经常用来形容人才），“根本固者，华实必茂”（经常用来强调基层、积累的作用）等等，可以一并把握。】
1. 《让民营经济成为高质量发展的强大动能》（3.18，周一）,3.爬坡过坎，砥砺前行。,【公考隔壁班王老师解析：强调前行的困难与坚持，与之类似的还有我们之前学过的比如“雄关漫道真如铁，而今迈步从头越”，表意也比较相似，可以放在一起把握，用在文章的结尾段做展望效果都不错。】
2. 《勤修“三课”，绘就最美青春底色》（3.19，周二）,4.干事担事，是干部的职责所在，也是价值所在。,【公考隔壁班王老师解析：这是说到干部的担当作为、责任使命等话题的金句，可以记下来。同样要注意的，还有本文后面这句：“广大年轻干部要做起而行之的行动者、要当攻坚克难的奋斗者”，这句话不仅可以用在今天这个主题，放在有关奋斗、落实、实践等话题也同样可以用。】
2. 《勤修“三课”，绘就最美青春底色》（3.19，周二）,5.奋进新征程、创造新伟业，勤修“三课”是广大年轻干部的基本功。,【公考隔壁班王老师解析：可以提炼一下结构，变成：“奋进新征程、创造新伟业，……是……的基本功”，这就不只局限在今天的主题，放在其他考点话题里，第一个空填文章主旨，第二个空填做事的“人”，就可以放在开头或结尾段用来强调重要性了。】
2. 《勤修“三课”，绘就最美青春底色》（3.19，周二）,6.人人朝乾夕惕，人人奋勇争先。,【公考隔壁班王老师解析：这句话里“朝乾夕惕”这个词，出自《易经》，意思是终日勤奋谨慎，不敢懈怠。整句话放在责任、担当、干部、修身等主题里，效果也都非常不错，可以一并积累、记忆、把握。】
3. 《发展新质生产力要敢为人先》（3.20，周三）,7.发展新质生产力是推动高质量发展的内在要求和重要着力点，也是推动生产力迭代升级、实现现代化的必然选择。,【公考隔壁班王老师解析：说明了新质生产力的重要性以及与高质量发展之间的关系，需要我们重点把握，在增进我们对这个知识点理解的同时，也能很好的增强我们文章写作的专业性。】
3. 《发展新质生产力要敢为人先》（3.20，周三）,8.发展新质生产力是一场激烈的“竞速跑”，也是一场持久的“马拉松”。,【公考隔壁班王老师解析：我们之前还学过一个经常用在结尾段的结构，叫做：“做好……不是单场‘百米赛’，而是一个接一个的‘马拉松’，比拼的不是瞬时的精彩，而是长久的稳健”。那这两个结构看起来相似，但却有不同，前者强调“是一场激烈的‘竞速跑’”，体现了发展新质生产力，抢抓创新的紧迫，想想我们当下遇到的很多‘卡脖子’问题，这个角度就不难理解。而后者说的“不是单场‘百米赛’”，更侧重于要一任接着一任干，驰而不息、久久为功。大家可以把这两个句式都记下来，在写作时，就可以根据不同的论述主题，选择相应的内容来写了。】
3. 《发展新质生产力要敢为人先》（3.20，周三）,9.绿色发展是高质量发展的底色，新质生产力本身就是绿色生产力。,【公考隔壁班王老师解析：这句话就给“绿色发展——高质量发展——新质生产力”彼此之间建立了联系，也告诉了我们发展新质生产力，就要践行好绿色发展，这个角度是我们平时不太容易想到的，可以一并积累。】
4. 《深耕乡村沃野静待春华秋实》（3.21，周四）,10.产业兴则乡村兴，产业兴旺是乡村全面振兴的重中之重。,【公考隔壁班王老师解析：这是强调“乡村产业”作用的标准句，字数不多，也很好记，与之类似的还有我们之前文章学过这句：“乡村振兴，产业先行”，它们在文中还是可以彼此替换的，可以一并留意。】
4. 《深耕乡村沃野静待春华秋实》（3.21，周四）,11.望得见山，看得见水，记得住乡愁，是人们对家乡的美好向往。,【公考隔壁班王老师解析：这句话出自于权威的标准表述，内容虽然很朴实，但却在有关乡村、城市等话题里面都很适合，考试当中用出来，能很好的增加文采，提升文章理论水平。】
4. 《深耕乡村沃野静待春华秋实》（3.21，周四）,12.全面建设社会主义现代化国家，最艰巨最繁重的任务仍然在农村。,【公考隔壁班王老师解析：一语道出了社会主义现代化、乡村振兴和当下任务的关系，可以适用在乡村振兴、“三农”、共同富裕等很多话题，推荐大家一并学习、记忆。】
5. 《真抓实干聚民心》（3.22，周五）,13.坐在办公室碰到的都是问题，深入基层看到的全是办法。,【公考隔壁班王老师解析：说明了深入基层、深入调研的重要性，与之类似的还有一句权威标准表述，叫做“坐在办公室碰到的都是问题，下去调研看到的全是办法，高手在民间。”这两句话可以对比来记，考试中是很容易涉及到的，不仅申论可以用来作为答题素材，在面试里面也经常出题来考我们。】
5. 《真抓实干聚民心》（3.22，周五）,14.基层是最好的课堂，群众是最好的老师。,【公考隔壁班王老师解析：强调了基层、群众的重要，而且运用了“课堂”和“老师”的比喻，让整句话更为形象生动。文中说到基层、群众还有一句不错的表述，就是：“常进百姓门、常认基层人、常听群众音”，两句话可以一并留意。】
5. 《真抓实干聚民心》（3.22，周五）,15.为者常成，行者常至，历史不会辜负实干者。,【公考隔壁班王老师解析：句子虽然不长，但却是说明实干、担当、干部作风等话题的金句，放在结尾段作为展望很适合。我们在很多文章的结尾里面都看到过这句话，要重点记忆。】
2.《脚踏实地成就梦想》（5.4日，周三）,1.通过网络等线上渠道举办评比活动，对组织者来说相对省时省力，也可以提升群众的参与度。,【公考隔壁班王老师解析：如果用一句话来概括网络评比的“好处”，这句话很恰当；如果用一句话来概括“线上”活动的好处，这句话也非常恰当。】
2.《脚踏实地成就梦想》（5.4日，周三）,2.如果网络评比活动过多过滥、交叉重复，或者缺失公平公正和可信度，就容易把“好经”念歪了。,【公考隔壁班王老师解析：“‘好经’念歪”这个表述生动形象，不仅可以描述网络评比过多过滥，还可以放在其他强调“危害性”的论述当中。】
2.《脚踏实地成就梦想》（5.4日，周三）,3.一些网络评比中出现的问题也提醒我们，整治形式主义、为基层减负需要持续发力、久久为功。,【公考隔壁班王老师解析：持续发力、久久为功这两个词不仅可以用在发展的角度，也可以用在整治形式主义等“负面”内容上，同时，这句话的“基层减负”也需要我们注意。】
1.《因地制宜办好老年人“幸福餐桌”》（5.16日，周一）,1.“政府掏一点、集体出一点、爱心捐一点”的资金来源方式；聚合多方资源，用好财政资金、分配好村集体资金、吸纳社会资金。,【公考隔壁班王老师解析：说到资金问题，“政府+集体+爱心”是一种非常具有实操性的、好用的方式，放在文章、答题里面，也是一个好用的对策。】
1.《因地制宜办好老年人“幸福餐桌”》（5.16日，周一）,2.从制度上保障老年人“舌尖上的安全”；让老年人享受“舌尖上的幸福”。,【公考隔壁班王老师解析：“舌尖上的安全”和“舌尖上的幸福”这两个表述，不仅可以放在老年人幸福餐桌的主题，涉及到食品安全领域的话题，都可以万用。】
1.《因地制宜办好老年人“幸福餐桌”》（5.16日，周一）,3.在农村开展养老助餐服务，应注重发挥党员骨干带头作用，以责任岗位带动志愿服务，推动形成积极参与的氛围。,【公考隔壁班王老师解析：万用对策，不管是农村工作还是城市治理，都可以涉及党员的骨干带头作用，这就可以变成我们考试答题、写作的一个好用的选择。】
